{
  "d_model": 64,
  "n_heads": 2,
  "n_layers": 4,
  "ffn_dim": 512,
  "dropout": 0.3114781247804532,
  "seq_len": 8,
  "batch_size": 128,
  "lr": 0.0004339747459911728
}